band,fn_eval_list,ild_bias_imposed_list,ild_bias_response_list,ild_bias_weight_list,ild_bias_weight_mean,ild_bias_weight_sem,itd_bias_imposed_list,itd_bias_response_list,itd_bias_weight_list,itd_bias_weight_mean,itd_bias_weight_sem,tag_model
"(4000, 16000)","['S66', 'S67', 'S68', 'S69', 'S74', 'S76', 'S77', 'S86', 'S91', 'S92']","[array([-20., -10.,   0.,  10.,  20.,  nan]), array([-20., -10.,   0.,  10.,  20.,  nan]), array([-20., -10.,   0.,  10.,  20.,  nan]), array([-20., -10.,   0.,  10.,  20.,  nan]), array([-20., -10.,   0.,  10.,  20.,  nan]), array([-20., -10.,   0.,  10.,  20.,  nan]), array([-20., -10.,   0.,  10.,  20.,  nan]), array([-20., -10.,   0.,  10.,  20.,  nan]), array([-20., -10.,   0.,  10.,  20.,  nan]), array([-20., -10.,   0.,  10.,  20.,  nan])]","[array([-15.46658204,  -7.73329102,   0.        ,   7.73329102,
        15.46658204,          nan]), array([-18.61174836,  -9.30587418,   0.        ,   9.30587418,
        18.61174836,          nan]), array([-15.84387372,  -7.92193686,   0.        ,   7.92193686,
        15.84387372,          nan]), array([-19.41390362,  -9.70695181,   0.        ,   9.70695181,
        19.41390362,          nan]), array([-19.15160916,  -9.57580458,   0.        ,   9.57580458,
        19.15160916,          nan]), array([-16.04779142,  -8.02389571,   0.        ,   8.02389571,
        16.04779142,          nan]), array([-19.11304766,  -9.55652383,   0.        ,   9.55652383,
        19.11304766,          nan]), array([-12.59012434,  -6.29506217,   0.        ,   6.29506217,
        12.59012434,          nan]), array([-15.35395196,  -7.67697598,   0.        ,   7.67697598,
        15.35395196,          nan]), array([-12.17484388,  -6.08742194,   0.        ,   6.08742194,
        12.17484388,          nan])]","[0.773329102, 0.930587418, 0.792193686, 0.970695181, 0.957580458, 0.802389571, 0.955652383, 0.629506217, 0.767697598, 0.608742194]",0.8188373808,0.04205417451072514,"[array([-600., -300.,    0.,  300.,  600.,   nan]), array([-600., -300.,    0.,  300.,  600.,   nan]), array([-600., -300.,    0.,  300.,  600.,   nan]), array([-600., -300.,    0.,  300.,  600.,   nan]), array([-600., -300.,    0.,  300.,  600.,   nan]), array([-600., -300.,    0.,  300.,  600.,   nan]), array([-600., -300.,    0.,  300.,  600.,   nan]), array([-600., -300.,    0.,  300.,  600.,   nan]), array([-600., -300.,    0.,  300.,  600.,   nan]), array([-600., -300.,    0.,  300.,  600.,   nan])]","[array([-178.706997 ,  -89.3534985,    0.       ,   89.3534985,
        178.706997 ,          nan]), array([-146.1149064,  -73.0574532,    0.       ,   73.0574532,
        146.1149064,          nan]), array([-77.0352516, -38.5176258,   0.       ,  38.5176258,  77.0352516,
               nan]), array([-115.6956222,  -57.8478111,    0.       ,   57.8478111,
        115.6956222,          nan]), array([-115.7042124,  -57.8521062,    0.       ,   57.8521062,
        115.7042124,          nan]), array([-235.8058656, -117.9029328,    0.       ,  117.9029328,
        235.8058656,          nan]), array([-66.4478334, -33.2239167,   0.       ,  33.2239167,  66.4478334,
               nan]), array([-59.325222, -29.662611,   0.      ,  29.662611,  59.325222,
              nan]), array([-72.8591574, -36.4295787,   0.       ,  36.4295787,  72.8591574,
               nan]), array([-359.6008314, -179.8004157,    0.       ,  179.8004157,
        359.6008314,          nan])]","[0.297844995, 0.24352484400000002, 0.128392086, 0.192826037, 0.192840354, 0.393009776, 0.110746389, 0.09887537, 0.121431929, 0.599334719]",0.23788264990000002,0.049825679920758974,human
"(500, 16000)","['S66', 'S67', 'S68', 'S69', 'S74', 'S76', 'S77', 'S86', 'S91', 'S92']","[array([-20., -10.,   0.,  10.,  20.,  nan]), array([-20., -10.,   0.,  10.,  20.,  nan]), array([-20., -10.,   0.,  10.,  20.,  nan]), array([-20., -10.,   0.,  10.,  20.,  nan]), array([-20., -10.,   0.,  10.,  20.,  nan]), array([-20., -10.,   0.,  10.,  20.,  nan]), array([-20., -10.,   0.,  10.,  20.,  nan]), array([-20., -10.,   0.,  10.,  20.,  nan]), array([-20., -10.,   0.,  10.,  20.,  nan]), array([-20., -10.,   0.,  10.,  20.,  nan])]","[array([-6.17001892, -3.08500946,  0.        ,  3.08500946,  6.17001892,
               nan]), array([-13.03896476,  -6.51948238,   0.        ,   6.51948238,
        13.03896476,          nan]), array([-9.87783932, -4.93891966,  0.        ,  4.93891966,  9.87783932,
               nan]), array([-8.26799278, -4.13399639,  0.        ,  4.13399639,  8.26799278,
               nan]), array([-13.10535924,  -6.55267962,   0.        ,   6.55267962,
        13.10535924,          nan]), array([-11.22439872,  -5.61219936,   0.        ,   5.61219936,
        11.22439872,          nan]), array([-10.71588346,  -5.35794173,   0.        ,   5.35794173,
        10.71588346,          nan]), array([-10.7415784,  -5.3707892,   0.       ,   5.3707892,  10.7415784,
               nan]), array([-11.19160238,  -5.59580119,   0.        ,   5.59580119,
        11.19160238,          nan]), array([-9.86718718, -4.93359359,  0.        ,  4.93359359,  9.86718718,
               nan])]","[0.308500946, 0.651948238, 0.49389196599999996, 0.413399639, 0.655267962, 0.561219936, 0.535794173, 0.53707892, 0.559580119, 0.493359359]",0.5210041258,0.03282805892021095,"[array([-600., -300.,    0.,  300.,  600.,   nan]), array([-600., -300.,    0.,  300.,  600.,   nan]), array([-600., -300.,    0.,  300.,  600.,   nan]), array([-600., -300.,    0.,  300.,  600.,   nan]), array([-600., -300.,    0.,  300.,  600.,   nan]), array([-600., -300.,    0.,  300.,  600.,   nan]), array([-600., -300.,    0.,  300.,  600.,   nan]), array([-600., -300.,    0.,  300.,  600.,   nan]), array([-600., -300.,    0.,  300.,  600.,   nan]), array([-600., -300.,    0.,  300.,  600.,   nan])]","[array([-503.3782818, -251.6891409,    0.       ,  251.6891409,
        503.3782818,          nan]), array([-459.6598668, -229.8299334,    0.       ,  229.8299334,
        459.6598668,          nan]), array([-513.2131788, -256.6065894,    0.       ,  256.6065894,
        513.2131788,          nan]), array([-498.0693966, -249.0346983,    0.       ,  249.0346983,
        498.0693966,          nan]), array([-410.9240676, -205.4620338,    0.       ,  205.4620338,
        410.9240676,          nan]), array([-514.7411298, -257.3705649,    0.       ,  257.3705649,
        514.7411298,          nan]), array([-495.369138, -247.684569,    0.      ,  247.684569,  495.369138,
               nan]), array([-368.0320518, -184.0160259,    0.       ,  184.0160259,
        368.0320518,          nan]), array([-544.6111998, -272.3055999,    0.       ,  272.3055999,
        544.6111998,          nan]), array([-607.0126542, -303.5063271,    0.       ,  303.5063271,
        607.0126542,          nan])]","[0.8389638030000001, 0.766099778, 0.8553552979999999, 0.830115661, 0.684873446, 0.857901883, 0.82561523, 0.613386753, 0.9076853330000001, 1.011687757]",0.8191684942,0.035191458277504716,human
"(500, 2000)","['S66', 'S67', 'S68', 'S69', 'S74', 'S76', 'S77', 'S86', 'S91', 'S92']","[array([-20., -10.,   0.,  10.,  20.,  nan]), array([-20., -10.,   0.,  10.,  20.,  nan]), array([-20., -10.,   0.,  10.,  20.,  nan]), array([-20., -10.,   0.,  10.,  20.,  nan]), array([-20., -10.,   0.,  10.,  20.,  nan]), array([-20., -10.,   0.,  10.,  20.,  nan]), array([-20., -10.,   0.,  10.,  20.,  nan]), array([-20., -10.,   0.,  10.,  20.,  nan]), array([-20., -10.,   0.,  10.,  20.,  nan]), array([-20., -10.,   0.,  10.,  20.,  nan])]","[array([-3.42684652, -1.71342326,  0.        ,  1.71342326,  3.42684652,
               nan]), array([-3.7593916, -1.8796958,  0.       ,  1.8796958,  3.7593916,
              nan]), array([-6.10763332, -3.05381666,  0.        ,  3.05381666,  6.10763332,
               nan]), array([-6.25038716, -3.12519358,  0.        ,  3.12519358,  6.25038716,
               nan]), array([-5.20498914, -2.60249457,  0.        ,  2.60249457,  5.20498914,
               nan]), array([-6.1760895 , -3.08804475,  0.        ,  3.08804475,  6.1760895 ,
               nan]), array([-3.88324652, -1.94162326,  0.        ,  1.94162326,  3.88324652,
               nan]), array([-5.43727436, -2.71863718,  0.        ,  2.71863718,  5.43727436,
               nan]), array([-5.03516588, -2.51758294,  0.        ,  2.51758294,  5.03516588,
               nan]), array([-3.04096442, -1.52048221,  0.        ,  1.52048221,  3.04096442,
               nan])]","[0.171342326, 0.18796958, 0.305381666, 0.312519358, 0.260249457, 0.308804475, 0.194162326, 0.271863718, 0.251758294, 0.152048221]",0.24160994210000003,0.019166869355702314,"[array([-600., -300.,    0.,  300.,  600.,   nan]), array([-600., -300.,    0.,  300.,  600.,   nan]), array([-600., -300.,    0.,  300.,  600.,   nan]), array([-600., -300.,    0.,  300.,  600.,   nan]), array([-600., -300.,    0.,  300.,  600.,   nan]), array([-600., -300.,    0.,  300.,  600.,   nan]), array([-600., -300.,    0.,  300.,  600.,   nan]), array([-600., -300.,    0.,  300.,  600.,   nan]), array([-600., -300.,    0.,  300.,  600.,   nan]), array([-600., -300.,    0.,  300.,  600.,   nan])]","[array([-533.3371194, -266.6685597,    0.       ,  266.6685597,
        533.3371194,          nan]), array([-537.5183682, -268.7591841,    0.       ,  268.7591841,
        537.5183682,          nan]), array([-607.1357838, -303.5678919,    0.       ,  303.5678919,
        607.1357838,          nan]), array([-406.4324184, -203.2162092,    0.       ,  203.2162092,
        406.4324184,          nan]), array([-458.3443854, -229.1721927,    0.       ,  229.1721927,
        458.3443854,          nan]), array([-586.6968606, -293.3484303,    0.       ,  293.3484303,
        586.6968606,          nan]), array([-557.4269754, -278.7134877,    0.       ,  278.7134877,
        557.4269754,          nan]), array([-526.4590488, -263.2295244,    0.       ,  263.2295244,
        526.4590488,          nan]), array([-527.5202532, -263.7601266,    0.       ,  263.7601266,
        527.5202532,          nan]), array([-517.1052162, -258.5526081,    0.       ,  258.5526081,
        517.1052162,          nan])]","[0.888895199, 0.8958639470000002, 1.011892973, 0.677387364, 0.763907309, 0.9778281009999998, 0.929044959, 0.877431748, 0.879200422, 0.861842027]",0.8763294049000001,0.03062930672999596,human
"(4000, 16000)","['models/sound_localization/simplified_IHC0050/arch01/EVAL_PSYCHOPHYSICSv00_itd_ild_weighting.json', 'models/sound_localization/simplified_IHC0050/arch02/EVAL_PSYCHOPHYSICSv00_itd_ild_weighting.json', 'models/sound_localization/simplified_IHC0050/arch03/EVAL_PSYCHOPHYSICSv00_itd_ild_weighting.json', 'models/sound_localization/simplified_IHC0050/arch04/EVAL_PSYCHOPHYSICSv00_itd_ild_weighting.json', 'models/sound_localization/simplified_IHC0050/arch05/EVAL_PSYCHOPHYSICSv00_itd_ild_weighting.json', 'models/sound_localization/simplified_IHC0050/arch06/EVAL_PSYCHOPHYSICSv00_itd_ild_weighting.json', 'models/sound_localization/simplified_IHC0050/arch07/EVAL_PSYCHOPHYSICSv00_itd_ild_weighting.json', 'models/sound_localization/simplified_IHC0050/arch08/EVAL_PSYCHOPHYSICSv00_itd_ild_weighting.json', 'models/sound_localization/simplified_IHC0050/arch09/EVAL_PSYCHOPHYSICSv00_itd_ild_weighting.json', 'models/sound_localization/simplified_IHC0050/arch10/EVAL_PSYCHOPHYSICSv00_itd_ild_weighting.json']","[array([-20., -10.,   0.,  10.,  20.,  nan]), array([-20., -10.,   0.,  10.,  20.,  nan]), array([-20., -10.,   0.,  10.,  20.,  nan]), array([-20., -10.,   0.,  10.,  20.,  nan]), array([-20., -10.,   0.,  10.,  20.,  nan]), array([-20., -10.,   0.,  10.,  20.,  nan]), array([-20., -10.,   0.,  10.,  20.,  nan]), array([-20., -10.,   0.,  10.,  20.,  nan]), array([-20., -10.,   0.,  10.,  20.,  nan]), array([-20., -10.,   0.,  10.,  20.,  nan])]","[array([-15.8397758,  -7.9198879,   0.       ,   7.9198879,  15.8397758,
               nan]), array([-15.11174931,  -7.55587465,   0.        ,   7.55587465,
        15.11174931,          nan]), array([-15.251061 ,  -7.6255305,   0.       ,   7.6255305,  15.251061 ,
               nan]), array([-15.90177671,  -7.95088835,   0.        ,   7.95088835,
        15.90177671,          nan]), array([-18.07127759,  -9.0356388 ,   0.        ,   9.0356388 ,
        18.07127759,          nan]), array([-15.17700423,  -7.58850212,   0.        ,   7.58850212,
        15.17700423,          nan]), array([-15.23663349,  -7.61831675,   0.        ,   7.61831675,
        15.23663349,          nan]), array([-15.12481743,  -7.56240872,   0.        ,   7.56240872,
        15.12481743,          nan]), array([-17.05234051,  -8.52617026,   0.        ,   8.52617026,
        17.05234051,          nan]), array([-13.52222239,  -6.7611112 ,   0.        ,   6.7611112 ,
        13.52222239,          nan])]","[0.7919887899864048, 0.7555874654399424, 0.7625530500357841, 0.7950888354050663, 0.9035638796380647, 0.758850211660122, 0.761831674658543, 0.7562408715403349, 0.8526170255245609, 0.676111119552862]",0.7814432923441685,0.019415630308111713,"[array([-612.24489796, -317.46031746,    0.        ,  317.46031746,
        612.24489796,           nan]), array([-612.24489796, -317.46031746,    0.        ,  317.46031746,
        612.24489796,           nan]), array([-612.24489796, -317.46031746,    0.        ,  317.46031746,
        612.24489796,           nan]), array([-612.24489796, -317.46031746,    0.        ,  317.46031746,
        612.24489796,           nan]), array([-612.24489796, -317.46031746,    0.        ,  317.46031746,
        612.24489796,           nan]), array([-612.24489796, -317.46031746,    0.        ,  317.46031746,
        612.24489796,           nan]), array([-612.24489796, -317.46031746,    0.        ,  317.46031746,
        612.24489796,           nan]), array([-612.24489796, -317.46031746,    0.        ,  317.46031746,
        612.24489796,           nan]), array([-612.24489796, -317.46031746,    0.        ,  317.46031746,
        612.24489796,           nan]), array([-612.24489796, -317.46031746,    0.        ,  317.46031746,
        612.24489796,           nan])]","[array([-35.28819636, -18.2975833 ,   0.        ,  18.2975833 ,
        35.28819636,          nan]), array([-24.80017007, -12.85934744,   0.        ,  12.85934744,
        24.80017007,          nan]), array([-28.57843813, -14.8184494 ,   0.        ,  14.8184494 ,
        28.57843813,          nan]), array([-28.21957161, -14.63237047,   0.        ,  14.63237047,
        28.21957161,          nan]), array([-29.35822302, -15.22278231,   0.        ,  15.22278231,
        29.35822302,          nan]), array([-34.02888858, -17.64460889,   0.        ,  17.64460889,
        34.02888858,          nan]), array([-28.32218698, -14.68557844,   0.        ,  14.68557844,
        28.32218698,          nan]), array([-28.00802078, -14.52267744,   0.        ,  14.52267744,
        28.00802078,          nan]), array([-29.20458724, -15.14311931,   0.        ,  15.14311931,
        29.20458724,          nan]), array([-28.1780888 , -14.61086086,   0.        ,  14.61086086,
        28.1780888 ,          nan])]","[0.05763738738738737, 0.04050694444444445, 0.04667811561561562, 0.04609196696696697, 0.04795176426426425, 0.05558051801801801, 0.04625957207207206, 0.04574643393393393, 0.04770082582582583, 0.046024211711711706]",0.04801777402402402,0.0015775416898013022,models/sound_localization/simplified_IHC0050/arch??
"(500, 16000)","['models/sound_localization/simplified_IHC0050/arch01/EVAL_PSYCHOPHYSICSv00_itd_ild_weighting.json', 'models/sound_localization/simplified_IHC0050/arch02/EVAL_PSYCHOPHYSICSv00_itd_ild_weighting.json', 'models/sound_localization/simplified_IHC0050/arch03/EVAL_PSYCHOPHYSICSv00_itd_ild_weighting.json', 'models/sound_localization/simplified_IHC0050/arch04/EVAL_PSYCHOPHYSICSv00_itd_ild_weighting.json', 'models/sound_localization/simplified_IHC0050/arch05/EVAL_PSYCHOPHYSICSv00_itd_ild_weighting.json', 'models/sound_localization/simplified_IHC0050/arch06/EVAL_PSYCHOPHYSICSv00_itd_ild_weighting.json', 'models/sound_localization/simplified_IHC0050/arch07/EVAL_PSYCHOPHYSICSv00_itd_ild_weighting.json', 'models/sound_localization/simplified_IHC0050/arch08/EVAL_PSYCHOPHYSICSv00_itd_ild_weighting.json', 'models/sound_localization/simplified_IHC0050/arch09/EVAL_PSYCHOPHYSICSv00_itd_ild_weighting.json', 'models/sound_localization/simplified_IHC0050/arch10/EVAL_PSYCHOPHYSICSv00_itd_ild_weighting.json']","[array([-20., -10.,   0.,  10.,  20.,  nan]), array([-20., -10.,   0.,  10.,  20.,  nan]), array([-20., -10.,   0.,  10.,  20.,  nan]), array([-20., -10.,   0.,  10.,  20.,  nan]), array([-20., -10.,   0.,  10.,  20.,  nan]), array([-20., -10.,   0.,  10.,  20.,  nan]), array([-20., -10.,   0.,  10.,  20.,  nan]), array([-20., -10.,   0.,  10.,  20.,  nan]), array([-20., -10.,   0.,  10.,  20.,  nan]), array([-20., -10.,   0.,  10.,  20.,  nan])]","[array([-13.15734004,  -6.57867002,   0.        ,   6.57867002,
        13.15734004,          nan]), array([-10.1893505 ,  -5.09467525,   0.        ,   5.09467525,
        10.1893505 ,          nan]), array([-13.1295237 ,  -6.56476185,   0.        ,   6.56476185,
        13.1295237 ,          nan]), array([-10.65397716,  -5.32698858,   0.        ,   5.32698858,
        10.65397716,          nan]), array([-13.26098925,  -6.63049463,   0.        ,   6.63049463,
        13.26098925,          nan]), array([-11.91533437,  -5.95766718,   0.        ,   5.95766718,
        11.91533437,          nan]), array([-11.60692517,  -5.80346258,   0.        ,   5.80346258,
        11.60692517,          nan]), array([-12.13547211,  -6.06773605,   0.        ,   6.06773605,
        12.13547211,          nan]), array([-11.78605264,  -5.89302632,   0.        ,   5.89302632,
        11.78605264,          nan]), array([-11.80160653,  -5.90080327,   0.        ,   5.90080327,
        11.80160653,          nan])]","[0.6578670022364346, 0.5094675250758549, 0.6564761847700115, 0.532698857767004, 0.663049462698187, 0.5957667184474179, 0.5803462583730712, 0.6067736054127967, 0.5893026318496013, 0.5900803267420499]",0.5981828573372429,0.016285249765609744,"[array([-612.24489796, -317.46031746,    0.        ,  317.46031746,
        612.24489796,           nan]), array([-612.24489796, -317.46031746,    0.        ,  317.46031746,
        612.24489796,           nan]), array([-612.24489796, -317.46031746,    0.        ,  317.46031746,
        612.24489796,           nan]), array([-612.24489796, -317.46031746,    0.        ,  317.46031746,
        612.24489796,           nan]), array([-612.24489796, -317.46031746,    0.        ,  317.46031746,
        612.24489796,           nan]), array([-612.24489796, -317.46031746,    0.        ,  317.46031746,
        612.24489796,           nan]), array([-612.24489796, -317.46031746,    0.        ,  317.46031746,
        612.24489796,           nan]), array([-612.24489796, -317.46031746,    0.        ,  317.46031746,
        612.24489796,           nan]), array([-612.24489796, -317.46031746,    0.        ,  317.46031746,
        612.24489796,           nan]), array([-612.24489796, -317.46031746,    0.        ,  317.46031746,
        612.24489796,           nan])]","[array([-34.69985291, -17.99251633,   0.        ,  17.99251633,
        34.69985291,          nan]), array([-25.11295735, -13.02153344,   0.        ,  13.02153344,
        25.11295735,          nan]), array([-29.94783048, -15.5285047 ,   0.        ,  15.5285047 ,
        29.94783048,          nan]), array([-27.5583747 , -14.28952762,   0.        ,  14.28952762,
        27.5583747 ,          nan]), array([-26.49671355, -13.73903666,   0.        ,  13.73903666,
        26.49671355,          nan]), array([-32.59376724, -16.9004719 ,   0.        ,  16.9004719 ,
        32.59376724,          nan]), array([-27.03817338, -14.0197936 ,   0.        ,  14.0197936 ,
        27.03817338,          nan]), array([-28.10730373, -14.57415749,   0.        ,  14.57415749,
        28.10730373,          nan]), array([-30.23625666, -15.67805901,   0.        ,  15.67805901,
        30.23625666,          nan]), array([-23.93592572, -12.41122074,   0.        ,  12.41122074,
        23.93592572,          nan])]","[0.05667642642642643, 0.041017830330330324, 0.04891478978978978, 0.045012012012012007, 0.04327796546546546, 0.053236486486486476, 0.04416234984984985, 0.0459085960960961, 0.04938588588588587, 0.03909534534534535]",0.04666876876876876,0.0017195209266120883,models/sound_localization/simplified_IHC0050/arch??
"(500, 2000)","['models/sound_localization/simplified_IHC0050/arch01/EVAL_PSYCHOPHYSICSv00_itd_ild_weighting.json', 'models/sound_localization/simplified_IHC0050/arch02/EVAL_PSYCHOPHYSICSv00_itd_ild_weighting.json', 'models/sound_localization/simplified_IHC0050/arch03/EVAL_PSYCHOPHYSICSv00_itd_ild_weighting.json', 'models/sound_localization/simplified_IHC0050/arch04/EVAL_PSYCHOPHYSICSv00_itd_ild_weighting.json', 'models/sound_localization/simplified_IHC0050/arch05/EVAL_PSYCHOPHYSICSv00_itd_ild_weighting.json', 'models/sound_localization/simplified_IHC0050/arch06/EVAL_PSYCHOPHYSICSv00_itd_ild_weighting.json', 'models/sound_localization/simplified_IHC0050/arch07/EVAL_PSYCHOPHYSICSv00_itd_ild_weighting.json', 'models/sound_localization/simplified_IHC0050/arch08/EVAL_PSYCHOPHYSICSv00_itd_ild_weighting.json', 'models/sound_localization/simplified_IHC0050/arch09/EVAL_PSYCHOPHYSICSv00_itd_ild_weighting.json', 'models/sound_localization/simplified_IHC0050/arch10/EVAL_PSYCHOPHYSICSv00_itd_ild_weighting.json']","[array([-20., -10.,   0.,  10.,  20.,  nan]), array([-20., -10.,   0.,  10.,  20.,  nan]), array([-20., -10.,   0.,  10.,  20.,  nan]), array([-20., -10.,   0.,  10.,  20.,  nan]), array([-20., -10.,   0.,  10.,  20.,  nan]), array([-20., -10.,   0.,  10.,  20.,  nan]), array([-20., -10.,   0.,  10.,  20.,  nan]), array([-20., -10.,   0.,  10.,  20.,  nan]), array([-20., -10.,   0.,  10.,  20.,  nan]), array([-20., -10.,   0.,  10.,  20.,  nan])]","[array([-5.6927432, -2.8463716,  0.       ,  2.8463716,  5.6927432,
              nan]), array([-0.58502237, -0.29251119,  0.        ,  0.29251119,  0.58502237,
               nan]), array([-6.86289507, -3.43144753,  0.        ,  3.43144753,  6.86289507,
               nan]), array([-3.78665257, -1.89332628,  0.        ,  1.89332628,  3.78665257,
               nan]), array([-4.1686509 , -2.08432545,  0.        ,  2.08432545,  4.1686509 ,
               nan]), array([-4.19815394, -2.09907697,  0.        ,  2.09907697,  4.19815394,
               nan]), array([-7.19839987, -3.59919993,  0.        ,  3.59919993,  7.19839987,
               nan]), array([-7.98786543, -3.99393271,  0.        ,  3.99393271,  7.98786543,
               nan]), array([-4.71815042, -2.35907521,  0.        ,  2.35907521,  4.71815042,
               nan]), array([-7.60538875, -3.80269437,  0.        ,  3.80269437,  7.60538875,
               nan])]","[0.28463715988185606, 0.02925111852601141, 0.3431447532525492, 0.18933262834641787, 0.2084325451796182, 0.20990769708372942, 0.3599199933264278, 0.3993932713874103, 0.23590752117994368, 0.38026943729516094]",0.2640196125459125,0.035781048052120776,"[array([-612.24489796, -317.46031746,    0.        ,  317.46031746,
        612.24489796,           nan]), array([-612.24489796, -317.46031746,    0.        ,  317.46031746,
        612.24489796,           nan]), array([-612.24489796, -317.46031746,    0.        ,  317.46031746,
        612.24489796,           nan]), array([-612.24489796, -317.46031746,    0.        ,  317.46031746,
        612.24489796,           nan]), array([-612.24489796, -317.46031746,    0.        ,  317.46031746,
        612.24489796,           nan]), array([-612.24489796, -317.46031746,    0.        ,  317.46031746,
        612.24489796,           nan]), array([-612.24489796, -317.46031746,    0.        ,  317.46031746,
        612.24489796,           nan]), array([-612.24489796, -317.46031746,    0.        ,  317.46031746,
        612.24489796,           nan]), array([-612.24489796, -317.46031746,    0.        ,  317.46031746,
        612.24489796,           nan]), array([-612.24489796, -317.46031746,    0.        ,  317.46031746,
        612.24489796,           nan])]","[array([-43.23738279, -22.41938367,   0.        ,  22.41938367,
        43.23738279,          nan]), array([-31.97026108, -16.57717241,   0.        ,  16.57717241,
        31.97026108,          nan]), array([-34.19010848, -17.72820439,   0.        ,  17.72820439,
        34.19010848,          nan]), array([-37.10711987, -19.24072882,   0.        ,  19.24072882,
        37.10711987,          nan]), array([-43.71506711, -22.66707183,   0.        ,  22.66707183,
        43.71506711,          nan]), array([-44.176549  , -22.90635874,   0.        ,  22.90635874,
        44.176549  ,          nan]), array([-36.3146948 , -18.82984175,   0.        ,  18.82984175,
        36.3146948 ,          nan]), array([-36.26045689, -18.80171839,   0.        ,  18.80171839,
        36.26045689,          nan]), array([-35.36633572, -18.3381    ,   0.        ,  18.3381    ,
        35.36633572,          nan]), array([-38.11212999, -19.76184518,   0.        ,  19.76184518,
        38.11212999,          nan])]","[0.07062105855855855, 0.05221809309309309, 0.055843843843843846, 0.0606082957957958, 0.07140127627627628, 0.07215503003003004, 0.0593140015015015, 0.0592254129129129, 0.057765015015015006, 0.062249812312312316]",0.06214018393393393,0.0021961228291114943,models/sound_localization/simplified_IHC0050/arch??
"(4000, 16000)","['models/sound_localization/simplified_IHC0320/arch01/EVAL_PSYCHOPHYSICSv00_itd_ild_weighting.json', 'models/sound_localization/simplified_IHC0320/arch02/EVAL_PSYCHOPHYSICSv00_itd_ild_weighting.json', 'models/sound_localization/simplified_IHC0320/arch03/EVAL_PSYCHOPHYSICSv00_itd_ild_weighting.json', 'models/sound_localization/simplified_IHC0320/arch04/EVAL_PSYCHOPHYSICSv00_itd_ild_weighting.json', 'models/sound_localization/simplified_IHC0320/arch05/EVAL_PSYCHOPHYSICSv00_itd_ild_weighting.json', 'models/sound_localization/simplified_IHC0320/arch06/EVAL_PSYCHOPHYSICSv00_itd_ild_weighting.json', 'models/sound_localization/simplified_IHC0320/arch07/EVAL_PSYCHOPHYSICSv00_itd_ild_weighting.json', 'models/sound_localization/simplified_IHC0320/arch08/EVAL_PSYCHOPHYSICSv00_itd_ild_weighting.json', 'models/sound_localization/simplified_IHC0320/arch09/EVAL_PSYCHOPHYSICSv00_itd_ild_weighting.json', 'models/sound_localization/simplified_IHC0320/arch10/EVAL_PSYCHOPHYSICSv00_itd_ild_weighting.json']","[array([-20., -10.,   0.,  10.,  20.,  nan]), array([-20., -10.,   0.,  10.,  20.,  nan]), array([-20., -10.,   0.,  10.,  20.,  nan]), array([-20., -10.,   0.,  10.,  20.,  nan]), array([-20., -10.,   0.,  10.,  20.,  nan]), array([-20., -10.,   0.,  10.,  20.,  nan]), array([-20., -10.,   0.,  10.,  20.,  nan]), array([-20., -10.,   0.,  10.,  20.,  nan]), array([-20., -10.,   0.,  10.,  20.,  nan]), array([-20., -10.,   0.,  10.,  20.,  nan])]","[array([-14.9947063 ,  -7.49735315,   0.        ,   7.49735315,
        14.9947063 ,          nan]), array([-15.25615173,  -7.62807586,   0.        ,   7.62807586,
        15.25615173,          nan]), array([-16.7743267 ,  -8.38716335,   0.        ,   8.38716335,
        16.7743267 ,          nan]), array([-15.89426442,  -7.94713221,   0.        ,   7.94713221,
        15.89426442,          nan]), array([-16.0877446,  -8.0438723,   0.       ,   8.0438723,  16.0877446,
               nan]), array([-14.9397557 ,  -7.46987785,   0.        ,   7.46987785,
        14.9397557 ,          nan]), array([-16.38271364,  -8.19135682,   0.        ,   8.19135682,
        16.38271364,          nan]), array([-16.33702112,  -8.16851056,   0.        ,   8.16851056,
        16.33702112,          nan]), array([-16.24959011,  -8.12479505,   0.        ,   8.12479505,
        16.24959011,          nan]), array([-13.09244542,  -6.54622271,   0.        ,   6.54622271,
        13.09244542,          nan])]","[0.7497353152455668, 0.7628075864668589, 0.8387163350147431, 0.7947132207596891, 0.8043872300839802, 0.7469877850770374, 0.8191356821259882, 0.8168510559633482, 0.8124795053950677, 0.6546222712160914]",0.7800435987348371,0.017069868349638296,"[array([-612.24489796, -317.46031746,    0.        ,  317.46031746,
        612.24489796,           nan]), array([-612.24489796, -317.46031746,    0.        ,  317.46031746,
        612.24489796,           nan]), array([-612.24489796, -317.46031746,    0.        ,  317.46031746,
        612.24489796,           nan]), array([-612.24489796, -317.46031746,    0.        ,  317.46031746,
        612.24489796,           nan]), array([-612.24489796, -317.46031746,    0.        ,  317.46031746,
        612.24489796,           nan]), array([-612.24489796, -317.46031746,    0.        ,  317.46031746,
        612.24489796,           nan]), array([-612.24489796, -317.46031746,    0.        ,  317.46031746,
        612.24489796,           nan]), array([-612.24489796, -317.46031746,    0.        ,  317.46031746,
        612.24489796,           nan]), array([-612.24489796, -317.46031746,    0.        ,  317.46031746,
        612.24489796,           nan]), array([-612.24489796, -317.46031746,    0.        ,  317.46031746,
        612.24489796,           nan])]","[array([-61.74721916, -32.0170766 ,   0.        ,  32.0170766 ,
        61.74721916,          nan]), array([-32.65352087, -16.93145526,   0.        ,  16.93145526,
        32.65352087,          nan]), array([-42.53148557, -22.05336289,   0.        ,  22.05336289,
        42.53148557,          nan]), array([-33.21014892, -17.22007722,   0.        ,  17.22007722,
        33.21014892,          nan]), array([-42.59365233, -22.0855975 ,   0.        ,  22.0855975 ,
        42.59365233,          nan]), array([-46.49521971, -24.10863244,   0.        ,  24.10863244,
        46.49521971,          nan]), array([-67.46621622, -34.98248248,   0.        ,  34.98248248,
        67.46621622,          nan]), array([-30.01390421, -15.56276515,   0.        ,  15.56276515,
        30.01390421,          nan]), array([-34.72869553, -18.00747176,   0.        ,  18.00747176,
        34.72869553,          nan]), array([-34.46646902, -17.87150245,   0.        ,  17.87150245,
        34.46646902,          nan])]","[0.10085379129129124, 0.05333408408408408, 0.0694680930930931, 0.05424324324324324, 0.06956963213213213, 0.07594219219219218, 0.11019481981981982, 0.04902271021021021, 0.056723536036036026, 0.05629523273273272]",0.06956473348348348,0.006609440354916415,models/sound_localization/simplified_IHC0320/arch??
"(500, 16000)","['models/sound_localization/simplified_IHC0320/arch01/EVAL_PSYCHOPHYSICSv00_itd_ild_weighting.json', 'models/sound_localization/simplified_IHC0320/arch02/EVAL_PSYCHOPHYSICSv00_itd_ild_weighting.json', 'models/sound_localization/simplified_IHC0320/arch03/EVAL_PSYCHOPHYSICSv00_itd_ild_weighting.json', 'models/sound_localization/simplified_IHC0320/arch04/EVAL_PSYCHOPHYSICSv00_itd_ild_weighting.json', 'models/sound_localization/simplified_IHC0320/arch05/EVAL_PSYCHOPHYSICSv00_itd_ild_weighting.json', 'models/sound_localization/simplified_IHC0320/arch06/EVAL_PSYCHOPHYSICSv00_itd_ild_weighting.json', 'models/sound_localization/simplified_IHC0320/arch07/EVAL_PSYCHOPHYSICSv00_itd_ild_weighting.json', 'models/sound_localization/simplified_IHC0320/arch08/EVAL_PSYCHOPHYSICSv00_itd_ild_weighting.json', 'models/sound_localization/simplified_IHC0320/arch09/EVAL_PSYCHOPHYSICSv00_itd_ild_weighting.json', 'models/sound_localization/simplified_IHC0320/arch10/EVAL_PSYCHOPHYSICSv00_itd_ild_weighting.json']","[array([-20., -10.,   0.,  10.,  20.,  nan]), array([-20., -10.,   0.,  10.,  20.,  nan]), array([-20., -10.,   0.,  10.,  20.,  nan]), array([-20., -10.,   0.,  10.,  20.,  nan]), array([-20., -10.,   0.,  10.,  20.,  nan]), array([-20., -10.,   0.,  10.,  20.,  nan]), array([-20., -10.,   0.,  10.,  20.,  nan]), array([-20., -10.,   0.,  10.,  20.,  nan]), array([-20., -10.,   0.,  10.,  20.,  nan]), array([-20., -10.,   0.,  10.,  20.,  nan])]","[array([-5.90284432, -2.95142216,  0.        ,  2.95142216,  5.90284432,
               nan]), array([-12.47603596,  -6.23801798,   0.        ,   6.23801798,
        12.47603596,          nan]), array([-12.5639634,  -6.2819817,   0.       ,   6.2819817,  12.5639634,
               nan]), array([-12.05040988,  -6.02520494,   0.        ,   6.02520494,
        12.05040988,          nan]), array([-12.8840095 ,  -6.44200475,   0.        ,   6.44200475,
        12.8840095 ,          nan]), array([-12.18611947,  -6.09305974,   0.        ,   6.09305974,
        12.18611947,          nan]), array([-10.91606814,  -5.45803407,   0.        ,   5.45803407,
        10.91606814,          nan]), array([-13.2486954,  -6.6243477,   0.       ,   6.6243477,  13.2486954,
               nan]), array([-12.3574149 ,  -6.17870745,   0.        ,   6.17870745,
        12.3574149 ,          nan]), array([-11.19084068,  -5.59542034,   0.        ,   5.59542034,
        11.19084068,          nan])]","[0.2951422160406213, 0.6238017981794328, 0.6281981699144487, 0.6025204938435855, 0.6442004747695749, 0.6093059736156166, 0.5458034071475253, 0.6624347701142648, 0.6178707449524452, 0.5595420339639313]",0.5788820082541446,0.033446217658755543,"[array([-612.24489796, -317.46031746,    0.        ,  317.46031746,
        612.24489796,           nan]), array([-612.24489796, -317.46031746,    0.        ,  317.46031746,
        612.24489796,           nan]), array([-612.24489796, -317.46031746,    0.        ,  317.46031746,
        612.24489796,           nan]), array([-612.24489796, -317.46031746,    0.        ,  317.46031746,
        612.24489796,           nan]), array([-612.24489796, -317.46031746,    0.        ,  317.46031746,
        612.24489796,           nan]), array([-612.24489796, -317.46031746,    0.        ,  317.46031746,
        612.24489796,           nan]), array([-612.24489796, -317.46031746,    0.        ,  317.46031746,
        612.24489796,           nan]), array([-612.24489796, -317.46031746,    0.        ,  317.46031746,
        612.24489796,           nan]), array([-612.24489796, -317.46031746,    0.        ,  317.46031746,
        612.24489796,           nan]), array([-612.24489796, -317.46031746,    0.        ,  317.46031746,
        612.24489796,           nan])]","[array([-58.28805847, -30.22343772,   0.        ,  30.22343772,
        58.28805847,          nan]), array([-28.4412346 , -14.74730683,   0.        ,  14.74730683,
        28.4412346 ,          nan]), array([-41.07027946, -21.29570046,   0.        ,  21.29570046,
        41.07027946,          nan]), array([-25.55455966, -13.25051242,   0.        ,  13.25051242,
        25.55455966,          nan]), array([-35.4106913 , -18.36109919,   0.        ,  18.36109919,
        35.4106913 ,          nan]), array([-38.61463504, -20.02240336,   0.        ,  20.02240336,
        38.61463504,          nan]), array([-40.68429399, -21.09555985,   0.        ,  21.09555985,
        40.68429399,          nan]), array([-33.08547067, -17.15542924,   0.        ,  17.15542924,
        33.08547067,          nan]), array([-31.42834161, -16.29617713,   0.        ,  16.29617713,
        31.42834161,          nan]), array([-26.92820371, -13.9627723 ,   0.        ,  13.9627723 ,
        26.92820371,          nan])]","[0.09520382882882883, 0.046454016516516525, 0.06708145645645647, 0.04173911411411412, 0.05783746246246245, 0.06307057057057056, 0.0664510135135135, 0.05403960210210211, 0.05133295795795796, 0.04398273273273274]",0.05871927552552553,0.004958634465907425,models/sound_localization/simplified_IHC0320/arch??
"(500, 2000)","['models/sound_localization/simplified_IHC0320/arch01/EVAL_PSYCHOPHYSICSv00_itd_ild_weighting.json', 'models/sound_localization/simplified_IHC0320/arch02/EVAL_PSYCHOPHYSICSv00_itd_ild_weighting.json', 'models/sound_localization/simplified_IHC0320/arch03/EVAL_PSYCHOPHYSICSv00_itd_ild_weighting.json', 'models/sound_localization/simplified_IHC0320/arch04/EVAL_PSYCHOPHYSICSv00_itd_ild_weighting.json', 'models/sound_localization/simplified_IHC0320/arch05/EVAL_PSYCHOPHYSICSv00_itd_ild_weighting.json', 'models/sound_localization/simplified_IHC0320/arch06/EVAL_PSYCHOPHYSICSv00_itd_ild_weighting.json', 'models/sound_localization/simplified_IHC0320/arch07/EVAL_PSYCHOPHYSICSv00_itd_ild_weighting.json', 'models/sound_localization/simplified_IHC0320/arch08/EVAL_PSYCHOPHYSICSv00_itd_ild_weighting.json', 'models/sound_localization/simplified_IHC0320/arch09/EVAL_PSYCHOPHYSICSv00_itd_ild_weighting.json', 'models/sound_localization/simplified_IHC0320/arch10/EVAL_PSYCHOPHYSICSv00_itd_ild_weighting.json']","[array([-20., -10.,   0.,  10.,  20.,  nan]), array([-20., -10.,   0.,  10.,  20.,  nan]), array([-20., -10.,   0.,  10.,  20.,  nan]), array([-20., -10.,   0.,  10.,  20.,  nan]), array([-20., -10.,   0.,  10.,  20.,  nan]), array([-20., -10.,   0.,  10.,  20.,  nan]), array([-20., -10.,   0.,  10.,  20.,  nan]), array([-20., -10.,   0.,  10.,  20.,  nan]), array([-20., -10.,   0.,  10.,  20.,  nan]), array([-20., -10.,   0.,  10.,  20.,  nan])]","[array([-6.68199416, -3.34099708,  0.        ,  3.34099708,  6.68199416,
               nan]), array([-7.97618001, -3.98809   ,  0.        ,  3.98809   ,  7.97618001,
               nan]), array([-7.51036278, -3.75518139,  0.        ,  3.75518139,  7.51036278,
               nan]), array([-3.31032071, -1.65516036,  0.        ,  1.65516036,  3.31032071,
               nan]), array([-5.85034399, -2.925172  ,  0.        ,  2.925172  ,  5.85034399,
               nan]), array([-7.05836926, -3.52918463,  0.        ,  3.52918463,  7.05836926,
               nan]), array([-0.63214792, -0.31607396,  0.        ,  0.31607396,  0.63214792,
               nan]), array([-7.81536914, -3.90768457,  0.        ,  3.90768457,  7.81536914,
               nan]), array([-7.05302895, -3.52651447,  0.        ,  3.52651447,  7.05302895,
               nan]), array([-7.67487664, -3.83743832,  0.        ,  3.83743832,  7.67487664,
               nan])]","[0.3340997081022816, 0.39880900033228117, 0.3755181390833036, 0.165516035637302, 0.29251719971074325, 0.35291846296185375, 0.031607395923771466, 0.3907684568017804, 0.35265144729141884, 0.3837438320838588]",0.3078149677928595,0.03756760726920413,"[array([-612.24489796, -317.46031746,    0.        ,  317.46031746,
        612.24489796,           nan]), array([-612.24489796, -317.46031746,    0.        ,  317.46031746,
        612.24489796,           nan]), array([-612.24489796, -317.46031746,    0.        ,  317.46031746,
        612.24489796,           nan]), array([-612.24489796, -317.46031746,    0.        ,  317.46031746,
        612.24489796,           nan]), array([-612.24489796, -317.46031746,    0.        ,  317.46031746,
        612.24489796,           nan]), array([-612.24489796, -317.46031746,    0.        ,  317.46031746,
        612.24489796,           nan]), array([-612.24489796, -317.46031746,    0.        ,  317.46031746,
        612.24489796,           nan]), array([-612.24489796, -317.46031746,    0.        ,  317.46031746,
        612.24489796,           nan]), array([-612.24489796, -317.46031746,    0.        ,  317.46031746,
        612.24489796,           nan]), array([-612.24489796, -317.46031746,    0.        ,  317.46031746,
        612.24489796,           nan])]","[array([-115.78392168,  -60.03610754,    0.        ,   60.03610754,
        115.78392168,           nan]), array([-99.89244346, -51.7960818 ,   0.        ,  51.7960818 ,
        99.89244346,          nan]), array([-98.42055065, -51.03287812,   0.        ,  51.03287812,
        98.42055065,          nan]), array([-315.54582644, -163.61635445,    0.        ,  163.61635445,
        315.54582644,           nan]), array([-247.1731936 , -128.16387816,    0.        ,  128.16387816,
        247.1731936 ,           nan]), array([-111.93923515,  -58.04256638,    0.        ,   58.04256638,
        111.93923515,           nan]), array([-307.06368358, -159.2182063 ,    0.        ,  159.2182063 ,
        307.06368358,           nan]), array([-105.10158117,  -54.49711616,    0.        ,   54.49711616,
        105.10158117,           nan]), array([-112.16721824,  -58.16077983,    0.        ,   58.16077983,
        112.16721824,           nan]), array([-191.11911657,  -99.09880118,    0.        ,   99.09880118,
        191.11911657,           nan])]","[0.18911373873873874, 0.16315765765765763, 0.16075356606606608, 0.5153915165165166, 0.4037162162162161, 0.1828340840840841, 0.5015373498498498, 0.17166591591591593, 0.18320645645645647, 0.3121612237237237]",0.2783537725225225,0.045641056780237374,models/sound_localization/simplified_IHC0320/arch??
"(4000, 16000)","['models/sound_localization/simplified_IHC1000/arch01/EVAL_PSYCHOPHYSICSv00_itd_ild_weighting.json', 'models/sound_localization/simplified_IHC1000/arch02/EVAL_PSYCHOPHYSICSv00_itd_ild_weighting.json', 'models/sound_localization/simplified_IHC1000/arch03/EVAL_PSYCHOPHYSICSv00_itd_ild_weighting.json', 'models/sound_localization/simplified_IHC1000/arch04/EVAL_PSYCHOPHYSICSv00_itd_ild_weighting.json', 'models/sound_localization/simplified_IHC1000/arch05/EVAL_PSYCHOPHYSICSv00_itd_ild_weighting.json', 'models/sound_localization/simplified_IHC1000/arch06/EVAL_PSYCHOPHYSICSv00_itd_ild_weighting.json', 'models/sound_localization/simplified_IHC1000/arch07/EVAL_PSYCHOPHYSICSv00_itd_ild_weighting.json', 'models/sound_localization/simplified_IHC1000/arch08/EVAL_PSYCHOPHYSICSv00_itd_ild_weighting.json', 'models/sound_localization/simplified_IHC1000/arch09/EVAL_PSYCHOPHYSICSv00_itd_ild_weighting.json', 'models/sound_localization/simplified_IHC1000/arch10/EVAL_PSYCHOPHYSICSv00_itd_ild_weighting.json']","[array([-20., -10.,   0.,  10.,  20.,  nan]), array([-20., -10.,   0.,  10.,  20.,  nan]), array([-20., -10.,   0.,  10.,  20.,  nan]), array([-20., -10.,   0.,  10.,  20.,  nan]), array([-20., -10.,   0.,  10.,  20.,  nan]), array([-20., -10.,   0.,  10.,  20.,  nan]), array([-20., -10.,   0.,  10.,  20.,  nan]), array([-20., -10.,   0.,  10.,  20.,  nan]), array([-20., -10.,   0.,  10.,  20.,  nan]), array([-20., -10.,   0.,  10.,  20.,  nan])]","[array([-14.2615355 ,  -7.13076775,   0.        ,   7.13076775,
        14.2615355 ,          nan]), array([-14.97940921,  -7.4897046 ,   0.        ,   7.4897046 ,
        14.97940921,          nan]), array([-15.56781558,  -7.78390779,   0.        ,   7.78390779,
        15.56781558,          nan]), array([-13.34006931,  -6.67003465,   0.        ,   6.67003465,
        13.34006931,          nan]), array([-17.58150525,  -8.79075262,   0.        ,   8.79075262,
        17.58150525,          nan]), array([-14.29126619,  -7.1456331 ,   0.        ,   7.1456331 ,
        14.29126619,          nan]), array([-13.40737856,  -6.70368928,   0.        ,   6.70368928,
        13.40737856,          nan]), array([-15.54071739,  -7.77035869,   0.        ,   7.77035869,
        15.54071739,          nan]), array([-15.44414324,  -7.72207162,   0.        ,   7.72207162,
        15.44414324,          nan]), array([-12.95563196,  -6.47781598,   0.        ,   6.47781598,
        12.95563196,          nan])]","[0.7130767748804916, 0.748970460459764, 0.7783907788390746, 0.667003465477262, 0.879075262392132, 0.7145633095542465, 0.6703689282044827, 0.7770358693882243, 0.7722071617666196, 0.6477815980765275]",0.7368473609038825,0.02192383643550759,"[array([-612.24489796, -317.46031746,    0.        ,  317.46031746,
        612.24489796,           nan]), array([-612.24489796, -317.46031746,    0.        ,  317.46031746,
        612.24489796,           nan]), array([-612.24489796, -317.46031746,    0.        ,  317.46031746,
        612.24489796,           nan]), array([-612.24489796, -317.46031746,    0.        ,  317.46031746,
        612.24489796,           nan]), array([-612.24489796, -317.46031746,    0.        ,  317.46031746,
        612.24489796,           nan]), array([-612.24489796, -317.46031746,    0.        ,  317.46031746,
        612.24489796,           nan]), array([-612.24489796, -317.46031746,    0.        ,  317.46031746,
        612.24489796,           nan]), array([-612.24489796, -317.46031746,    0.        ,  317.46031746,
        612.24489796,           nan]), array([-612.24489796, -317.46031746,    0.        ,  317.46031746,
        612.24489796,           nan]), array([-612.24489796, -317.46031746,    0.        ,  317.46031746,
        612.24489796,           nan])]","[array([-104.86693326,  -54.37544688,    0.        ,   54.37544688,
        104.86693326,           nan]), array([-86.07154348, -44.62968921,   0.        ,  44.62968921,
        86.07154348,          nan]), array([-97.12906784, -50.36322036,   0.        ,  50.36322036,
        97.12906784,          nan]), array([-165.36438224,  -85.74449449,    0.        ,   85.74449449,
        165.36438224,           nan]), array([-44.71961758, -23.18794985,   0.        ,  23.18794985,
        44.71961758,          nan]), array([-88.78746093, -46.0379427 ,   0.        ,  46.0379427 ,
        88.78746093,          nan]), array([-177.59100938,  -92.08422708,    0.        ,   92.08422708,
        177.59100938,           nan]), array([-46.71918092, -24.22476047,   0.        ,  24.22476047,
        46.71918092,          nan]), array([-41.11245174, -21.31756757,   0.        ,  21.31756757,
        41.11245174,          nan]), array([-71.8176595 , -37.23878641,   0.        ,  37.23878641,
        71.8176595 ,          nan])]","[0.17128265765765763, 0.14058352102102104, 0.1586441441441441, 0.27009515765765757, 0.07304204204204202, 0.1450195195195195, 0.2900653153153153, 0.07630799549549548, 0.06715033783783785, 0.1173021771771772]",0.15094928678678676,0.02448571668884724,models/sound_localization/simplified_IHC1000/arch??
"(500, 16000)","['models/sound_localization/simplified_IHC1000/arch01/EVAL_PSYCHOPHYSICSv00_itd_ild_weighting.json', 'models/sound_localization/simplified_IHC1000/arch02/EVAL_PSYCHOPHYSICSv00_itd_ild_weighting.json', 'models/sound_localization/simplified_IHC1000/arch03/EVAL_PSYCHOPHYSICSv00_itd_ild_weighting.json', 'models/sound_localization/simplified_IHC1000/arch04/EVAL_PSYCHOPHYSICSv00_itd_ild_weighting.json', 'models/sound_localization/simplified_IHC1000/arch05/EVAL_PSYCHOPHYSICSv00_itd_ild_weighting.json', 'models/sound_localization/simplified_IHC1000/arch06/EVAL_PSYCHOPHYSICSv00_itd_ild_weighting.json', 'models/sound_localization/simplified_IHC1000/arch07/EVAL_PSYCHOPHYSICSv00_itd_ild_weighting.json', 'models/sound_localization/simplified_IHC1000/arch08/EVAL_PSYCHOPHYSICSv00_itd_ild_weighting.json', 'models/sound_localization/simplified_IHC1000/arch09/EVAL_PSYCHOPHYSICSv00_itd_ild_weighting.json', 'models/sound_localization/simplified_IHC1000/arch10/EVAL_PSYCHOPHYSICSv00_itd_ild_weighting.json']","[array([-20., -10.,   0.,  10.,  20.,  nan]), array([-20., -10.,   0.,  10.,  20.,  nan]), array([-20., -10.,   0.,  10.,  20.,  nan]), array([-20., -10.,   0.,  10.,  20.,  nan]), array([-20., -10.,   0.,  10.,  20.,  nan]), array([-20., -10.,   0.,  10.,  20.,  nan]), array([-20., -10.,   0.,  10.,  20.,  nan]), array([-20., -10.,   0.,  10.,  20.,  nan]), array([-20., -10.,   0.,  10.,  20.,  nan]), array([-20., -10.,   0.,  10.,  20.,  nan])]","[array([-11.30755805,  -5.65377902,   0.        ,   5.65377902,
        11.30755805,          nan]), array([-10.82822661,  -5.41411331,   0.        ,   5.41411331,
        10.82822661,          nan]), array([-10.6361649 ,  -5.31808245,   0.        ,   5.31808245,
        10.6361649 ,          nan]), array([-8.16897609, -4.08448804,  0.        ,  4.08448804,  8.16897609,
               nan]), array([-11.58503534,  -5.79251767,   0.        ,   5.79251767,
        11.58503534,          nan]), array([-10.32800096,  -5.16400048,   0.        ,   5.16400048,
        10.32800096,          nan]), array([-10.05202182,  -5.02601091,   0.        ,   5.02601091,
        10.05202182,          nan]), array([-11.18051374,  -5.59025687,   0.        ,   5.59025687,
        11.18051374,          nan]), array([-11.01334873,  -5.50667436,   0.        ,   5.50667436,
        11.01334873,          nan]), array([-9.89533854, -4.94766927,  0.        ,  4.94766927,  9.89533854,
               nan])]","[0.5653779022667241, 0.5414113305696269, 0.5318082449536522, 0.40844880425320723, 0.5792517668131768, 0.5164000479059312, 0.5026010907830896, 0.559025686944011, 0.5506674362655527, 0.49476692694275404]",0.5249759237697725,0.015556264286866713,"[array([-612.24489796, -317.46031746,    0.        ,  317.46031746,
        612.24489796,           nan]), array([-612.24489796, -317.46031746,    0.        ,  317.46031746,
        612.24489796,           nan]), array([-612.24489796, -317.46031746,    0.        ,  317.46031746,
        612.24489796,           nan]), array([-612.24489796, -317.46031746,    0.        ,  317.46031746,
        612.24489796,           nan]), array([-612.24489796, -317.46031746,    0.        ,  317.46031746,
        612.24489796,           nan]), array([-612.24489796, -317.46031746,    0.        ,  317.46031746,
        612.24489796,           nan]), array([-612.24489796, -317.46031746,    0.        ,  317.46031746,
        612.24489796,           nan]), array([-612.24489796, -317.46031746,    0.        ,  317.46031746,
        612.24489796,           nan]), array([-612.24489796, -317.46031746,    0.        ,  317.46031746,
        612.24489796,           nan]), array([-612.24489796, -317.46031746,    0.        ,  317.46031746,
        612.24489796,           nan])]","[array([-203.58372403, -105.56193098,    0.        ,  105.56193098,
        203.58372403,           nan]), array([-245.31600478, -127.20089137,    0.        ,  127.20089137,
        245.31600478,           nan]), array([-268.47685696, -139.21022213,    0.        ,  139.21022213,
        268.47685696,           nan]), array([-423.20808053, -219.44122694,    0.        ,  219.44122694,
        423.20808053,           nan]), array([-65.64373047, -34.03748987,   0.        ,  34.03748987,
        65.64373047,          nan]), array([-171.90384262,  -89.1353258 ,    0.        ,   89.1353258 ,
        171.90384262,           nan]), array([-318.63485935, -165.21807522,    0.        ,  165.21807522,
        318.63485935,           nan]), array([-61.2850478 , -31.77743219,   0.        ,  31.77743219,
        61.2850478 ,          nan]), array([-39.47141019, -20.46665713,   0.        ,  20.46665713,
        39.47141019,          nan]), array([-207.78601305, -107.74089566,    0.        ,  107.74089566,
        207.78601305,           nan])]","[0.3325200825825826, 0.4006828078078078, 0.43851219969969957, 0.6912398648648647, 0.10721809309309309, 0.2807762762762763, 0.5204369369369369, 0.10009891141141139, 0.06446996996996995, 0.3393838213213213]",0.32753389639639635,0.06315593350975926,models/sound_localization/simplified_IHC1000/arch??
"(500, 2000)","['models/sound_localization/simplified_IHC1000/arch01/EVAL_PSYCHOPHYSICSv00_itd_ild_weighting.json', 'models/sound_localization/simplified_IHC1000/arch02/EVAL_PSYCHOPHYSICSv00_itd_ild_weighting.json', 'models/sound_localization/simplified_IHC1000/arch03/EVAL_PSYCHOPHYSICSv00_itd_ild_weighting.json', 'models/sound_localization/simplified_IHC1000/arch04/EVAL_PSYCHOPHYSICSv00_itd_ild_weighting.json', 'models/sound_localization/simplified_IHC1000/arch05/EVAL_PSYCHOPHYSICSv00_itd_ild_weighting.json', 'models/sound_localization/simplified_IHC1000/arch06/EVAL_PSYCHOPHYSICSv00_itd_ild_weighting.json', 'models/sound_localization/simplified_IHC1000/arch07/EVAL_PSYCHOPHYSICSv00_itd_ild_weighting.json', 'models/sound_localization/simplified_IHC1000/arch08/EVAL_PSYCHOPHYSICSv00_itd_ild_weighting.json', 'models/sound_localization/simplified_IHC1000/arch09/EVAL_PSYCHOPHYSICSv00_itd_ild_weighting.json', 'models/sound_localization/simplified_IHC1000/arch10/EVAL_PSYCHOPHYSICSv00_itd_ild_weighting.json']","[array([-20., -10.,   0.,  10.,  20.,  nan]), array([-20., -10.,   0.,  10.,  20.,  nan]), array([-20., -10.,   0.,  10.,  20.,  nan]), array([-20., -10.,   0.,  10.,  20.,  nan]), array([-20., -10.,   0.,  10.,  20.,  nan]), array([-20., -10.,   0.,  10.,  20.,  nan]), array([-20., -10.,   0.,  10.,  20.,  nan]), array([-20., -10.,   0.,  10.,  20.,  nan]), array([-20., -10.,   0.,  10.,  20.,  nan]), array([-20., -10.,   0.,  10.,  20.,  nan])]","[array([-6.56784719, -3.28392359,  0.        ,  3.28392359,  6.56784719,
               nan]), array([-6.26755729, -3.13377864,  0.        ,  3.13377864,  6.26755729,
               nan]), array([-6.08929624, -3.04464812,  0.        ,  3.04464812,  6.08929624,
               nan]), array([-5.32890763, -2.66445381,  0.        ,  2.66445381,  5.32890763,
               nan]), array([-6.32584433, -3.16292216,  0.        ,  3.16292216,  6.32584433,
               nan]), array([-6.78108752, -3.39054376,  0.        ,  3.39054376,  6.78108752,
               nan]), array([-5.61107524, -2.80553762,  0.        ,  2.80553762,  5.61107524,
               nan]), array([-7.17530004, -3.58765002,  0.        ,  3.58765002,  7.17530004,
               nan]), array([-5.68239451, -2.84119725,  0.        ,  2.84119725,  5.68239451,
               nan]), array([-5.51516405, -2.75758203,  0.        ,  2.75758203,  5.51516405,
               nan])]","[0.3283923592819203, 0.31337786431319103, 0.30446481204802583, 0.26644538125150896, 0.31629221635188737, 0.3390543760274394, 0.2805537620079261, 0.35876500215844537, 0.2841197253779291, 0.27575820262977596]",0.3067223701448049,0.009510840490143703,"[array([-612.24489796, -317.46031746,    0.        ,  317.46031746,
        612.24489796,           nan]), array([-612.24489796, -317.46031746,    0.        ,  317.46031746,
        612.24489796,           nan]), array([-612.24489796, -317.46031746,    0.        ,  317.46031746,
        612.24489796,           nan]), array([-612.24489796, -317.46031746,    0.        ,  317.46031746,
        612.24489796,           nan]), array([-612.24489796, -317.46031746,    0.        ,  317.46031746,
        612.24489796,           nan]), array([-612.24489796, -317.46031746,    0.        ,  317.46031746,
        612.24489796,           nan]), array([-612.24489796, -317.46031746,    0.        ,  317.46031746,
        612.24489796,           nan]), array([-612.24489796, -317.46031746,    0.        ,  317.46031746,
        612.24489796,           nan]), array([-612.24489796, -317.46031746,    0.        ,  317.46031746,
        612.24489796,           nan]), array([-612.24489796, -317.46031746,    0.        ,  317.46031746,
        612.24489796,           nan])]","[array([-512.04656187, -265.50562467,    0.        ,  265.50562467,
        512.04656187,           nan]), array([-421.12957345, -218.36348253,    0.        ,  218.36348253,
        421.12957345,           nan]), array([-525.51916713, -272.49141999,    0.        ,  272.49141999,
        525.51916713,           nan]), array([-596.78571429, -309.44444444,    0.        ,  309.44444444,
        596.78571429,           nan]), array([-546.33951554, -283.2871562 ,    0.        ,  283.2871562 ,
        546.33951554,           nan]), array([-424.76305387, -220.24750941,    0.        ,  220.24750941,
        424.76305387,           nan]), array([-587.22501839, -304.48704657,    0.        ,  304.48704657,
        587.22501839,           nan]), array([-361.77560213, -187.58734925,    0.        ,  187.58734925,
        361.77560213,           nan]), array([-441.36962217, -228.85832261,    0.        ,  228.85832261,
        441.36962217,           nan]), array([-576.40823221, -298.87834263,    0.        ,  298.87834263,
        576.40823221,           nan])]","[0.8363427177177177, 0.6878449699699701, 0.8583479729729729, 0.9747499999999999, 0.8923545420420421, 0.6937796546546549, 0.9591341966966965, 0.5909001501501503, 0.7209037162162162, 0.9414667792792792]",0.81558246996997,0.04223493726936144,models/sound_localization/simplified_IHC1000/arch??
"(4000, 16000)","['models/sound_localization/simplified_IHC3000/arch01/EVAL_PSYCHOPHYSICSv00_itd_ild_weighting.json', 'models/sound_localization/simplified_IHC3000/arch02/EVAL_PSYCHOPHYSICSv00_itd_ild_weighting.json', 'models/sound_localization/simplified_IHC3000/arch03/EVAL_PSYCHOPHYSICSv00_itd_ild_weighting.json', 'models/sound_localization/simplified_IHC3000/arch04/EVAL_PSYCHOPHYSICSv00_itd_ild_weighting.json', 'models/sound_localization/simplified_IHC3000/arch05/EVAL_PSYCHOPHYSICSv00_itd_ild_weighting.json', 'models/sound_localization/simplified_IHC3000/arch06/EVAL_PSYCHOPHYSICSv00_itd_ild_weighting.json', 'models/sound_localization/simplified_IHC3000/arch07/EVAL_PSYCHOPHYSICSv00_itd_ild_weighting.json', 'models/sound_localization/simplified_IHC3000/arch08/EVAL_PSYCHOPHYSICSv00_itd_ild_weighting.json', 'models/sound_localization/simplified_IHC3000/arch09/EVAL_PSYCHOPHYSICSv00_itd_ild_weighting.json', 'models/sound_localization/simplified_IHC3000/arch10/EVAL_PSYCHOPHYSICSv00_itd_ild_weighting.json']","[array([-20., -10.,   0.,  10.,  20.,  nan]), array([-20., -10.,   0.,  10.,  20.,  nan]), array([-20., -10.,   0.,  10.,  20.,  nan]), array([-20., -10.,   0.,  10.,  20.,  nan]), array([-20., -10.,   0.,  10.,  20.,  nan]), array([-20., -10.,   0.,  10.,  20.,  nan]), array([-20., -10.,   0.,  10.,  20.,  nan]), array([-20., -10.,   0.,  10.,  20.,  nan]), array([-20., -10.,   0.,  10.,  20.,  nan]), array([-20., -10.,   0.,  10.,  20.,  nan])]","[array([-16.34323331,  -8.17161666,   0.        ,   8.17161666,
        16.34323331,          nan]), array([-16.72431006,  -8.36215503,   0.        ,   8.36215503,
        16.72431006,          nan]), array([-16.09153267,  -8.04576634,   0.        ,   8.04576634,
        16.09153267,          nan]), array([-14.37165557,  -7.18582779,   0.        ,   7.18582779,
        14.37165557,          nan]), array([-17.00694215,  -8.50347108,   0.        ,   8.50347108,
        17.00694215,          nan]), array([-16.75164298,  -8.37582149,   0.        ,   8.37582149,
        16.75164298,          nan]), array([-13.71771337,  -6.85885669,   0.        ,   6.85885669,
        13.71771337,          nan]), array([-15.67896853,  -7.83948426,   0.        ,   7.83948426,
        15.67896853,          nan]), array([-18.04190427,  -9.02095214,   0.        ,   9.02095214,
        18.04190427,          nan]), array([-13.16920148,  -6.58460074,   0.        ,   6.58460074,
        13.16920148,          nan])]","[0.817161665552819, 0.8362155028046306, 0.8045766337496969, 0.718582778675035, 0.8503471076798519, 0.8375821490351878, 0.6858856686107255, 0.7839484264560731, 0.9020952136873948, 0.6584600742148976]",0.7894855220466312,0.02468337688832337,"[array([-612.24489796, -317.46031746,    0.        ,  317.46031746,
        612.24489796,           nan]), array([-612.24489796, -317.46031746,    0.        ,  317.46031746,
        612.24489796,           nan]), array([-612.24489796, -317.46031746,    0.        ,  317.46031746,
        612.24489796,           nan]), array([-612.24489796, -317.46031746,    0.        ,  317.46031746,
        612.24489796,           nan]), array([-612.24489796, -317.46031746,    0.        ,  317.46031746,
        612.24489796,           nan]), array([-612.24489796, -317.46031746,    0.        ,  317.46031746,
        612.24489796,           nan]), array([-612.24489796, -317.46031746,    0.        ,  317.46031746,
        612.24489796,           nan]), array([-612.24489796, -317.46031746,    0.        ,  317.46031746,
        612.24489796,           nan]), array([-612.24489796, -317.46031746,    0.        ,  317.46031746,
        612.24489796,           nan]), array([-612.24489796, -317.46031746,    0.        ,  317.46031746,
        612.24489796,           nan])]","[array([-51.42880125, -26.66678583,   0.        ,  26.66678583,
        51.42880125,          nan]), array([-51.55911013, -26.7343534 ,   0.        ,  26.7343534 ,
        51.55911013,          nan]), array([-36.43661519, -18.89305973,   0.        ,  18.89305973,
        36.43661519,          nan]), array([-96.09280199, -49.82589733,   0.        ,  49.82589733,
        96.09280199,          nan]), array([-18.30092848,  -9.48937032,   0.        ,   9.48937032,
        18.30092848,          nan]), array([-32.86219893, -17.03965871,   0.        ,  17.03965871,
        32.86219893,          nan]), array([-152.38485935,  -79.01437151,    0.        ,   79.01437151,
        152.38485935,           nan]), array([-5.75461942, -2.98387673,  0.        ,  2.98387673,  5.75461942,
               nan]), array([-21.82627781, -11.31732923,   0.        ,  11.31732923,
        21.82627781,          nan]), array([-82.1349283 , -42.58848134,   0.        ,  42.58848134,
        82.1349283 ,          nan])]","[0.08400037537537537, 0.0842132132132132, 0.05951313813813813, 0.15695157657657663, 0.029891516516516514, 0.05367492492492491, 0.2488952702702703, 0.009399211711711706, 0.03564958708708709, 0.13415371621621622]",0.08963425300300301,0.022866851294911474,models/sound_localization/simplified_IHC3000/arch??
"(500, 16000)","['models/sound_localization/simplified_IHC3000/arch01/EVAL_PSYCHOPHYSICSv00_itd_ild_weighting.json', 'models/sound_localization/simplified_IHC3000/arch02/EVAL_PSYCHOPHYSICSv00_itd_ild_weighting.json', 'models/sound_localization/simplified_IHC3000/arch03/EVAL_PSYCHOPHYSICSv00_itd_ild_weighting.json', 'models/sound_localization/simplified_IHC3000/arch04/EVAL_PSYCHOPHYSICSv00_itd_ild_weighting.json', 'models/sound_localization/simplified_IHC3000/arch05/EVAL_PSYCHOPHYSICSv00_itd_ild_weighting.json', 'models/sound_localization/simplified_IHC3000/arch06/EVAL_PSYCHOPHYSICSv00_itd_ild_weighting.json', 'models/sound_localization/simplified_IHC3000/arch07/EVAL_PSYCHOPHYSICSv00_itd_ild_weighting.json', 'models/sound_localization/simplified_IHC3000/arch08/EVAL_PSYCHOPHYSICSv00_itd_ild_weighting.json', 'models/sound_localization/simplified_IHC3000/arch09/EVAL_PSYCHOPHYSICSv00_itd_ild_weighting.json', 'models/sound_localization/simplified_IHC3000/arch10/EVAL_PSYCHOPHYSICSv00_itd_ild_weighting.json']","[array([-20., -10.,   0.,  10.,  20.,  nan]), array([-20., -10.,   0.,  10.,  20.,  nan]), array([-20., -10.,   0.,  10.,  20.,  nan]), array([-20., -10.,   0.,  10.,  20.,  nan]), array([-20., -10.,   0.,  10.,  20.,  nan]), array([-20., -10.,   0.,  10.,  20.,  nan]), array([-20., -10.,   0.,  10.,  20.,  nan]), array([-20., -10.,   0.,  10.,  20.,  nan]), array([-20., -10.,   0.,  10.,  20.,  nan]), array([-20., -10.,   0.,  10.,  20.,  nan])]","[array([-10.71799705,  -5.35899853,   0.        ,   5.35899853,
        10.71799705,          nan]), array([-10.63217095,  -5.31608547,   0.        ,   5.31608547,
        10.63217095,          nan]), array([-11.08831416,  -5.54415708,   0.        ,   5.54415708,
        11.08831416,          nan]), array([-8.44369343, -4.22184672,  0.        ,  4.22184672,  8.44369343,
               nan]), array([-9.91475476, -4.95737738,  0.        ,  4.95737738,  9.91475476,
               nan]), array([-10.66946532,  -5.33473266,   0.        ,   5.33473266,
        10.66946532,          nan]), array([-8.807789 , -4.4038945,  0.       ,  4.4038945,  8.807789 ,
              nan]), array([-11.28002999,  -5.64001499,   0.        ,   5.64001499,
        11.28002999,          nan]), array([-10.3490815 ,  -5.17454075,   0.        ,   5.17454075,
        10.3490815 ,          nan]), array([-8.93485679, -4.4674284 ,  0.        ,  4.4674284 ,  8.93485679,
               nan])]","[0.535899852553846, 0.5316085474625449, 0.5544157081951036, 0.4221846715627574, 0.4957377379595954, 0.5334732657987291, 0.44038944998945767, 0.5640014993724103, 0.5174540751496701, 0.4467428396439647]",0.504190764768808,0.016006170717953284,"[array([-612.24489796, -317.46031746,    0.        ,  317.46031746,
        612.24489796,           nan]), array([-612.24489796, -317.46031746,    0.        ,  317.46031746,
        612.24489796,           nan]), array([-612.24489796, -317.46031746,    0.        ,  317.46031746,
        612.24489796,           nan]), array([-612.24489796, -317.46031746,    0.        ,  317.46031746,
        612.24489796,           nan]), array([-612.24489796, -317.46031746,    0.        ,  317.46031746,
        612.24489796,           nan]), array([-612.24489796, -317.46031746,    0.        ,  317.46031746,
        612.24489796,           nan]), array([-612.24489796, -317.46031746,    0.        ,  317.46031746,
        612.24489796,           nan]), array([-612.24489796, -317.46031746,    0.        ,  317.46031746,
        612.24489796,           nan]), array([-612.24489796, -317.46031746,    0.        ,  317.46031746,
        612.24489796,           nan]), array([-612.24489796, -317.46031746,    0.        ,  317.46031746,
        612.24489796,           nan])]","[array([-385.74358798, -200.01519377,    0.        ,  200.01519377,
        385.74358798,           nan]), array([-425.780934  , -220.77529911,    0.        ,  220.77529911,
        425.780934  ,           nan]), array([-200.35921125, -103.88996139,    0.        ,  103.88996139,
        200.35921125,           nan]), array([-393.6046378 , -204.09129367,    0.        ,  204.09129367,
        393.6046378 ,           nan]), array([-238.0623736 , -123.43974927,    0.        ,  123.43974927,
        238.0623736 ,           nan]), array([-338.2926549 , -175.41100624,    0.        ,  175.41100624,
        338.2926549 ,           nan]), array([-489.27548722, -253.69840078,    0.        ,  253.69840078,
        489.27548722,           nan]), array([-39.61654256, -20.54191096,   0.        ,  20.54191096,
        39.61654256,          nan]), array([-35.20546056, -18.25468325,   0.        ,  18.25468325,
        35.20546056,          nan]), array([-475.11766869, -246.35730969,    0.        ,  246.35730969,
        475.11766869,           nan])]","[0.6300478603603603, 0.6954421921921923, 0.3272533783783783, 0.6428875750750751, 0.3888352102102101, 0.5525446696696696, 0.7991499624624625, 0.0647070195195195, 0.05750225225225224, 0.7760255255255255]",0.49343956456456456,0.08634694467571179,models/sound_localization/simplified_IHC3000/arch??
"(500, 2000)","['models/sound_localization/simplified_IHC3000/arch01/EVAL_PSYCHOPHYSICSv00_itd_ild_weighting.json', 'models/sound_localization/simplified_IHC3000/arch02/EVAL_PSYCHOPHYSICSv00_itd_ild_weighting.json', 'models/sound_localization/simplified_IHC3000/arch03/EVAL_PSYCHOPHYSICSv00_itd_ild_weighting.json', 'models/sound_localization/simplified_IHC3000/arch04/EVAL_PSYCHOPHYSICSv00_itd_ild_weighting.json', 'models/sound_localization/simplified_IHC3000/arch05/EVAL_PSYCHOPHYSICSv00_itd_ild_weighting.json', 'models/sound_localization/simplified_IHC3000/arch06/EVAL_PSYCHOPHYSICSv00_itd_ild_weighting.json', 'models/sound_localization/simplified_IHC3000/arch07/EVAL_PSYCHOPHYSICSv00_itd_ild_weighting.json', 'models/sound_localization/simplified_IHC3000/arch08/EVAL_PSYCHOPHYSICSv00_itd_ild_weighting.json', 'models/sound_localization/simplified_IHC3000/arch09/EVAL_PSYCHOPHYSICSv00_itd_ild_weighting.json', 'models/sound_localization/simplified_IHC3000/arch10/EVAL_PSYCHOPHYSICSv00_itd_ild_weighting.json']","[array([-20., -10.,   0.,  10.,  20.,  nan]), array([-20., -10.,   0.,  10.,  20.,  nan]), array([-20., -10.,   0.,  10.,  20.,  nan]), array([-20., -10.,   0.,  10.,  20.,  nan]), array([-20., -10.,   0.,  10.,  20.,  nan]), array([-20., -10.,   0.,  10.,  20.,  nan]), array([-20., -10.,   0.,  10.,  20.,  nan]), array([-20., -10.,   0.,  10.,  20.,  nan]), array([-20., -10.,   0.,  10.,  20.,  nan]), array([-20., -10.,   0.,  10.,  20.,  nan])]","[array([-6.10708869, -3.05354434,  0.        ,  3.05354434,  6.10708869,
               nan]), array([-6.62615596, -3.31307798,  0.        ,  3.31307798,  6.62615596,
               nan]), array([-6.84562463, -3.42281232,  0.        ,  3.42281232,  6.84562463,
               nan]), array([-4.05285141, -2.02642571,  0.        ,  2.02642571,  4.05285141,
               nan]), array([-5.88935511, -2.94467755,  0.        ,  2.94467755,  5.88935511,
               nan]), array([-6.84368895, -3.42184448,  0.        ,  3.42184448,  6.84368895,
               nan]), array([-5.23416296, -2.61708148,  0.        ,  2.61708148,  5.23416296,
               nan]), array([-6.37047566, -3.18523783,  0.        ,  3.18523783,  6.37047566,
               nan]), array([-3.141965 , -1.5709825,  0.       ,  1.5709825,  3.141965 ,
              nan]), array([-3.57634787, -1.78817394,  0.        ,  1.78817394,  3.57634787,
               nan])]","[0.3053544343367222, 0.33130779807988475, 0.3422812316792836, 0.20264257058881183, 0.2944677553428686, 0.34218444753788124, 0.2617081480904415, 0.3185237831385453, 0.15709825012469414, 0.1788173936120475]",0.27343858125311804,0.0220971577259582,"[array([-612.24489796, -317.46031746,    0.        ,  317.46031746,
        612.24489796,           nan]), array([-612.24489796, -317.46031746,    0.        ,  317.46031746,
        612.24489796,           nan]), array([-612.24489796, -317.46031746,    0.        ,  317.46031746,
        612.24489796,           nan]), array([-612.24489796, -317.46031746,    0.        ,  317.46031746,
        612.24489796,           nan]), array([-612.24489796, -317.46031746,    0.        ,  317.46031746,
        612.24489796,           nan]), array([-612.24489796, -317.46031746,    0.        ,  317.46031746,
        612.24489796,           nan]), array([-612.24489796, -317.46031746,    0.        ,  317.46031746,
        612.24489796,           nan]), array([-612.24489796, -317.46031746,    0.        ,  317.46031746,
        612.24489796,           nan]), array([-612.24489796, -317.46031746,    0.        ,  317.46031746,
        612.24489796,           nan]), array([-612.24489796, -317.46031746,    0.        ,  317.46031746,
        612.24489796,           nan])]","[array([-535.53916161, -277.68697269,    0.        ,  277.68697269,
        535.53916161,           nan]), array([-429.22021511, -222.55863006,    0.        ,  222.55863006,
        429.22021511,           nan]), array([-537.7217779 , -278.81869965,    0.        ,  278.81869965,
        537.7217779 ,           nan]), array([-596.98485475, -309.54770246,    0.        ,  309.54770246,
        596.98485475,           nan]), array([-599.7707529 , -310.99224224,    0.        ,  310.99224224,
        599.7707529 ,           nan]), array([-603.29874517, -312.82157157,    0.        ,  312.82157157,
        603.29874517,           nan]), array([-619.24986211, -321.09252109,    0.        ,  321.09252109,
        619.24986211,           nan]), array([-502.85714286, -260.74074074,    0.        ,  260.74074074,
        502.85714286,           nan]), array([-470.18052491, -243.79730921,    0.        ,  243.79730921,
        470.18052491,           nan]), array([-598.11534749, -310.13388388,    0.        ,  310.13388388,
        598.11534749,           nan])]","[0.8747139639639642, 0.7010596846846845, 0.8782789039039042, 0.9750752627627627, 0.979625563063063, 0.9853879504504504, 1.0114414414414414, 0.8213333333333332, 0.7679615240240241, 0.976921734234234]",0.8971799361861862,0.033637824311568656,models/sound_localization/simplified_IHC3000/arch??
"(4000, 16000)","['models/sound_localization/simplified_IHC3000_delayed_integration/arch01/EVAL_PSYCHOPHYSICSv00_itd_ild_weighting.json', 'models/sound_localization/simplified_IHC3000_delayed_integration/arch02/EVAL_PSYCHOPHYSICSv00_itd_ild_weighting.json', 'models/sound_localization/simplified_IHC3000_delayed_integration/arch03/EVAL_PSYCHOPHYSICSv00_itd_ild_weighting.json', 'models/sound_localization/simplified_IHC3000_delayed_integration/arch04/EVAL_PSYCHOPHYSICSv00_itd_ild_weighting.json', 'models/sound_localization/simplified_IHC3000_delayed_integration/arch05/EVAL_PSYCHOPHYSICSv00_itd_ild_weighting.json', 'models/sound_localization/simplified_IHC3000_delayed_integration/arch06/EVAL_PSYCHOPHYSICSv00_itd_ild_weighting.json', 'models/sound_localization/simplified_IHC3000_delayed_integration/arch07/EVAL_PSYCHOPHYSICSv00_itd_ild_weighting.json', 'models/sound_localization/simplified_IHC3000_delayed_integration/arch08/EVAL_PSYCHOPHYSICSv00_itd_ild_weighting.json', 'models/sound_localization/simplified_IHC3000_delayed_integration/arch09/EVAL_PSYCHOPHYSICSv00_itd_ild_weighting.json', 'models/sound_localization/simplified_IHC3000_delayed_integration/arch10/EVAL_PSYCHOPHYSICSv00_itd_ild_weighting.json']","[array([-20., -10.,   0.,  10.,  20.,  nan]), array([-20., -10.,   0.,  10.,  20.,  nan]), array([-20., -10.,   0.,  10.,  20.,  nan]), array([-20., -10.,   0.,  10.,  20.,  nan]), array([-20., -10.,   0.,  10.,  20.,  nan]), array([-20., -10.,   0.,  10.,  20.,  nan]), array([-20., -10.,   0.,  10.,  20.,  nan]), array([-20., -10.,   0.,  10.,  20.,  nan]), array([-20., -10.,   0.,  10.,  20.,  nan]), array([-20., -10.,   0.,  10.,  20.,  nan])]","[array([-15.15377777,  -7.57688889,   0.        ,   7.57688889,
        15.15377777,          nan]), array([-15.71371547,  -7.85685774,   0.        ,   7.85685774,
        15.71371547,          nan]), array([-14.98123644,  -7.49061822,   0.        ,   7.49061822,
        14.98123644,          nan]), array([-12.59342545,  -6.29671272,   0.        ,   6.29671272,
        12.59342545,          nan]), array([-17.00274108,  -8.50137054,   0.        ,   8.50137054,
        17.00274108,          nan]), array([-15.84716895,  -7.92358448,   0.        ,   7.92358448,
        15.84716895,          nan]), array([-11.36777551,  -5.68388776,   0.        ,   5.68388776,
        11.36777551,          nan]), array([-17.25161521,  -8.62580761,   0.        ,   8.62580761,
        17.25161521,          nan]), array([-16.92510904,  -8.46255452,   0.        ,   8.46255452,
        16.92510904,          nan]), array([-13.77414841,  -6.88707421,   0.        ,   6.88707421,
        13.77414841,          nan])]","[0.7576888885889856, 0.7856857735198121, 0.7490618221103432, 0.6296712724038033, 0.8501370539535678, 0.7923584475914736, 0.5683887755638766, 0.862580760589917, 0.8462554521790289, 0.6887074205780666]",0.7530535667078875,0.030951549615694744,"[array([-612.24489796, -317.46031746,    0.        ,  317.46031746,
        612.24489796,           nan]), array([-612.24489796, -317.46031746,    0.        ,  317.46031746,
        612.24489796,           nan]), array([-612.24489796, -317.46031746,    0.        ,  317.46031746,
        612.24489796,           nan]), array([-612.24489796, -317.46031746,    0.        ,  317.46031746,
        612.24489796,           nan]), array([-612.24489796, -317.46031746,    0.        ,  317.46031746,
        612.24489796,           nan]), array([-612.24489796, -317.46031746,    0.        ,  317.46031746,
        612.24489796,           nan]), array([-612.24489796, -317.46031746,    0.        ,  317.46031746,
        612.24489796,           nan]), array([-612.24489796, -317.46031746,    0.        ,  317.46031746,
        612.24489796,           nan]), array([-612.24489796, -317.46031746,    0.        ,  317.46031746,
        612.24489796,           nan]), array([-612.24489796, -317.46031746,    0.        ,  317.46031746,
        612.24489796,           nan])]","[array([-52.17905405, -27.05580581,   0.        ,  27.05580581,
        52.17905405,          nan]), array([-21.48924435, -11.14257114,   0.        ,  11.14257114,
        21.48924435,          nan]), array([-39.25480327, -20.35434244,   0.        ,  20.35434244,
        39.25480327,          nan]), array([-199.33443648, -103.35859669,    0.        ,  103.35859669,
        199.33443648,           nan]), array([-44.73340688, -23.19509986,   0.        ,  23.19509986,
        44.73340688,          nan]), array([-33.96660691, -17.6123147 ,   0.        ,  17.6123147 ,
        33.96660691,          nan]), array([-230.41413863, -119.47399781,    0.        ,  119.47399781,
        230.41413863,           nan]), array([-33.02089079, -17.12194337,   0.        ,  17.12194337,
        33.02089079,          nan]), array([-38.47030704, -19.94756661,   0.        ,  19.94756661,
        38.47030704,          nan]), array([-32.89035209, -17.05425664,   0.        ,  17.05425664,
        32.89035209,          nan])]","[0.08522578828828827, 0.0350990990990991, 0.06411617867867866, 0.32557957957957956, 0.07306456456456457, 0.05547879129129128, 0.37634309309309305, 0.053934121621621624, 0.06283483483483482, 0.053720908408408395]",0.11853969594594593,0.03914151336227127,models/sound_localization/simplified_IHC3000_delayed_integration/arch??
"(500, 16000)","['models/sound_localization/simplified_IHC3000_delayed_integration/arch01/EVAL_PSYCHOPHYSICSv00_itd_ild_weighting.json', 'models/sound_localization/simplified_IHC3000_delayed_integration/arch02/EVAL_PSYCHOPHYSICSv00_itd_ild_weighting.json', 'models/sound_localization/simplified_IHC3000_delayed_integration/arch03/EVAL_PSYCHOPHYSICSv00_itd_ild_weighting.json', 'models/sound_localization/simplified_IHC3000_delayed_integration/arch04/EVAL_PSYCHOPHYSICSv00_itd_ild_weighting.json', 'models/sound_localization/simplified_IHC3000_delayed_integration/arch05/EVAL_PSYCHOPHYSICSv00_itd_ild_weighting.json', 'models/sound_localization/simplified_IHC3000_delayed_integration/arch06/EVAL_PSYCHOPHYSICSv00_itd_ild_weighting.json', 'models/sound_localization/simplified_IHC3000_delayed_integration/arch07/EVAL_PSYCHOPHYSICSv00_itd_ild_weighting.json', 'models/sound_localization/simplified_IHC3000_delayed_integration/arch08/EVAL_PSYCHOPHYSICSv00_itd_ild_weighting.json', 'models/sound_localization/simplified_IHC3000_delayed_integration/arch09/EVAL_PSYCHOPHYSICSv00_itd_ild_weighting.json', 'models/sound_localization/simplified_IHC3000_delayed_integration/arch10/EVAL_PSYCHOPHYSICSv00_itd_ild_weighting.json']","[array([-20., -10.,   0.,  10.,  20.,  nan]), array([-20., -10.,   0.,  10.,  20.,  nan]), array([-20., -10.,   0.,  10.,  20.,  nan]), array([-20., -10.,   0.,  10.,  20.,  nan]), array([-20., -10.,   0.,  10.,  20.,  nan]), array([-20., -10.,   0.,  10.,  20.,  nan]), array([-20., -10.,   0.,  10.,  20.,  nan]), array([-20., -10.,   0.,  10.,  20.,  nan]), array([-20., -10.,   0.,  10.,  20.,  nan]), array([-20., -10.,   0.,  10.,  20.,  nan])]","[array([-10.30269621,  -5.15134811,   0.        ,   5.15134811,
        10.30269621,          nan]), array([-6.65690882, -3.32845441,  0.        ,  3.32845441,  6.65690882,
               nan]), array([-11.83618298,  -5.91809149,   0.        ,   5.91809149,
        11.83618298,          nan]), array([-7.60233318, -3.80116659,  0.        ,  3.80116659,  7.60233318,
               nan]), array([-10.88398386,  -5.44199193,   0.        ,   5.44199193,
        10.88398386,          nan]), array([-11.3009345 ,  -5.65046725,   0.        ,   5.65046725,
        11.3009345 ,          nan]), array([-8.5806693 , -4.29033465,  0.        ,  4.29033465,  8.5806693 ,
               nan]), array([-11.79703684,  -5.89851842,   0.        ,   5.89851842,
        11.79703684,          nan]), array([-5.73183427, -2.86591714,  0.        ,  2.86591714,  5.73183427,
               nan]), array([-10.54017753,  -5.27008876,   0.        ,   5.27008876,
        10.54017753,          nan])]","[0.5151348106165765, 0.3328454409641326, 0.5918091490946563, 0.38011665899308894, 0.5441991929998139, 0.5650467250380284, 0.4290334649084452, 0.5898518418220591, 0.2865917135275805, 0.5270088762960501]",0.47616378742604315,0.03509602983628157,"[array([-612.24489796, -317.46031746,    0.        ,  317.46031746,
        612.24489796,           nan]), array([-612.24489796, -317.46031746,    0.        ,  317.46031746,
        612.24489796,           nan]), array([-612.24489796, -317.46031746,    0.        ,  317.46031746,
        612.24489796,           nan]), array([-612.24489796, -317.46031746,    0.        ,  317.46031746,
        612.24489796,           nan]), array([-612.24489796, -317.46031746,    0.        ,  317.46031746,
        612.24489796,           nan]), array([-612.24489796, -317.46031746,    0.        ,  317.46031746,
        612.24489796,           nan]), array([-612.24489796, -317.46031746,    0.        ,  317.46031746,
        612.24489796,           nan]), array([-612.24489796, -317.46031746,    0.        ,  317.46031746,
        612.24489796,           nan]), array([-612.24489796, -317.46031746,    0.        ,  317.46031746,
        612.24489796,           nan]), array([-612.24489796, -317.46031746,    0.        ,  317.46031746,
        612.24489796,           nan])]","[array([-129.06876264,  -66.92454359,    0.        ,   66.92454359,
        129.06876264,           nan]), array([-23.08018478, -11.96750322,   0.        ,  11.96750322,
        23.08018478,          nan]), array([-36.65770362, -19.00769817,   0.        ,  19.00769817,
        36.65770362,          nan]), array([-369.71111418, -191.7020592 ,    0.        ,  191.7020592 ,
        369.71111418,           nan]), array([-136.22862659,  -70.63706564,    0.        ,   70.63706564,
        136.22862659,           nan]), array([-32.16767788, -16.67953668,   0.        ,  16.67953668,
        32.16767788,          nan]), array([-477.14320188, -247.40758616,    0.        ,  247.40758616,
        477.14320188,           nan]), array([-40.51962677, -21.01017684,   0.        ,  21.01017684,
        40.51962677,          nan]), array([-38.61555433, -20.02288002,   0.        ,  20.02288002,
        38.61555433,          nan]), array([-84.58252896, -43.85760761,   0.        ,  43.85760761,
        84.58252896,          nan])]","[0.21081231231231223, 0.03769763513513513, 0.059874249249249244, 0.6038614864864865, 0.22250675675675677, 0.052540540540540547, 0.7793338963963963, 0.06618205705705704, 0.06307207207207206, 0.1381514639639639]",0.22340324699699696,0.08179116502385204,models/sound_localization/simplified_IHC3000_delayed_integration/arch??
"(500, 2000)","['models/sound_localization/simplified_IHC3000_delayed_integration/arch01/EVAL_PSYCHOPHYSICSv00_itd_ild_weighting.json', 'models/sound_localization/simplified_IHC3000_delayed_integration/arch02/EVAL_PSYCHOPHYSICSv00_itd_ild_weighting.json', 'models/sound_localization/simplified_IHC3000_delayed_integration/arch03/EVAL_PSYCHOPHYSICSv00_itd_ild_weighting.json', 'models/sound_localization/simplified_IHC3000_delayed_integration/arch04/EVAL_PSYCHOPHYSICSv00_itd_ild_weighting.json', 'models/sound_localization/simplified_IHC3000_delayed_integration/arch05/EVAL_PSYCHOPHYSICSv00_itd_ild_weighting.json', 'models/sound_localization/simplified_IHC3000_delayed_integration/arch06/EVAL_PSYCHOPHYSICSv00_itd_ild_weighting.json', 'models/sound_localization/simplified_IHC3000_delayed_integration/arch07/EVAL_PSYCHOPHYSICSv00_itd_ild_weighting.json', 'models/sound_localization/simplified_IHC3000_delayed_integration/arch08/EVAL_PSYCHOPHYSICSv00_itd_ild_weighting.json', 'models/sound_localization/simplified_IHC3000_delayed_integration/arch09/EVAL_PSYCHOPHYSICSv00_itd_ild_weighting.json', 'models/sound_localization/simplified_IHC3000_delayed_integration/arch10/EVAL_PSYCHOPHYSICSv00_itd_ild_weighting.json']","[array([-20., -10.,   0.,  10.,  20.,  nan]), array([-20., -10.,   0.,  10.,  20.,  nan]), array([-20., -10.,   0.,  10.,  20.,  nan]), array([-20., -10.,   0.,  10.,  20.,  nan]), array([-20., -10.,   0.,  10.,  20.,  nan]), array([-20., -10.,   0.,  10.,  20.,  nan]), array([-20., -10.,   0.,  10.,  20.,  nan]), array([-20., -10.,   0.,  10.,  20.,  nan]), array([-20., -10.,   0.,  10.,  20.,  nan]), array([-20., -10.,   0.,  10.,  20.,  nan])]","[array([-6.83571628, -3.41785814,  0.        ,  3.41785814,  6.83571628,
               nan]), array([-1.3600573 , -0.68002865,  0.        ,  0.68002865,  1.3600573 ,
               nan]), array([-7.75299996, -3.87649998,  0.        ,  3.87649998,  7.75299996,
               nan]), array([-1.63268574, -0.81634287,  0.        ,  0.81634287,  1.63268574,
               nan]), array([-4.41824181, -2.20912091,  0.        ,  2.20912091,  4.41824181,
               nan]), array([-6.99178533, -3.49589266,  0.        ,  3.49589266,  6.99178533,
               nan]), array([-3.52860775, -1.76430388,  0.        ,  1.76430388,  3.52860775,
               nan]), array([-8.08647633, -4.04323816,  0.        ,  4.04323816,  8.08647633,
               nan]), array([-7.83673167, -3.91836584,  0.        ,  3.91836584,  7.83673167,
               nan]), array([-6.30257374, -3.15128687,  0.        ,  3.15128687,  6.30257374,
               nan])]","[0.3417858138349461, 0.06800286487203276, 0.3876499982294784, 0.08163428687072188, 0.22091209053035218, 0.3495892663444491, 0.17643038767623737, 0.40432381625852204, 0.39183658359419987, 0.3151286870935858]",0.27372937953045257,0.04049185275471345,"[array([-612.24489796, -317.46031746,    0.        ,  317.46031746,
        612.24489796,           nan]), array([-612.24489796, -317.46031746,    0.        ,  317.46031746,
        612.24489796,           nan]), array([-612.24489796, -317.46031746,    0.        ,  317.46031746,
        612.24489796,           nan]), array([-612.24489796, -317.46031746,    0.        ,  317.46031746,
        612.24489796,           nan]), array([-612.24489796, -317.46031746,    0.        ,  317.46031746,
        612.24489796,           nan]), array([-612.24489796, -317.46031746,    0.        ,  317.46031746,
        612.24489796,           nan]), array([-612.24489796, -317.46031746,    0.        ,  317.46031746,
        612.24489796,           nan]), array([-612.24489796, -317.46031746,    0.        ,  317.46031746,
        612.24489796,           nan]), array([-612.24489796, -317.46031746,    0.        ,  317.46031746,
        612.24489796,           nan]), array([-612.24489796, -317.46031746,    0.        ,  317.46031746,
        612.24489796,           nan])]","[array([-452.72154808, -234.74450641,    0.        ,  234.74450641,
        452.72154808,           nan]), array([-121.8782175 ,  -63.19611278,    0.        ,   63.19611278,
        121.8782175 ,           nan]), array([-289.23687718, -149.97467706,    0.        ,  149.97467706,
        289.23687718,           nan]), array([-559.43739658, -290.07865008,    0.        ,  290.07865008,
        559.43739658,           nan]), array([-486.89108752, -252.46204538,    0.        ,  252.46204538,
        486.89108752,           nan]), array([-436.92234326, -226.55232614,    0.        ,  226.55232614,
        436.92234326,           nan]), array([-575.02056904, -298.15881358,    0.        ,  298.15881358,
        575.02056904,           nan]), array([-381.78111785, -197.96057963,    0.        ,  197.96057963,
        381.78111785,           nan]), array([-208.24060029, -107.97660756,    0.        ,  107.97660756,
        208.24060029,           nan]), array([-516.50877919, -267.81936699,    0.        ,  267.81936699,
        516.50877919,           nan])]","[0.7394451951951952, 0.19906775525525522, 0.4724202327327327, 0.9137477477477478, 0.7952554429429429, 0.7136398273273276, 0.9392002627627626, 0.6235758258258259, 0.3401263138138137, 0.8436310060060059]",0.6580109609609609,0.07851361479179693,models/sound_localization/simplified_IHC3000_delayed_integration/arch??
